title,artist,added
4/24/2024,,
Run My Shit (Explicit),Mindflip,
Who Dat Boy (feat. A$AP Rocky) (Explicit),"Tyler, The Creator, A$AP Rocky",
"If I Catch You (from the Netflix Limited Series ""A Man In Full"") (Explicit)","Tobe Nwigwe, Coast Contra",
Patiently Waiting (Explicit),"50 Cent, Eminem",
Ain't No Love In The Heart Of The City (Single Version),"Bobby ""Blue"" Bland",
Raining Men (Album Version) (Explicit),"Rihanna, Nicki Minaj",
Scrape It Off (Explicit),"Pusha T, Lil Uzi Vert, Don Toliver",
Pnnbll (Explicit),"Spark Master Tape, INDIKKAWCH, FLMMBOiiNT FRDii",
Pnnbll (Explicit),"Spark Master Tape, INDIKKAWCH, FLMMBOiiNT FRDii",
That's How We Ballin (Explicit),"T-Pain, Snoop Dogg",
Villain,Zhu,
A Husla' (Explicit),Young Bleed,
Ching Ching (Explicit),"Ms. Jade, Nelly Furtado",
Ching Ching (Explicit),"Ms. Jade, Nelly Furtado",
Can U Dig That? (Explicit),"DJ Premier, Snoop Dogg",
Can U Dig That? (Explicit),"DJ Premier, Snoop Dogg",
Sock It 2 Me (feat. Da Brat) (Explicit),"Missy Elliott, Da Brat",
נעימת העוד,להקת צלילי העוד,
PIMP,"Bacao Rhythm, Steel Band",
Point Em Out (Explicit),"That Mexican OT, DaBaby",
Eazy (Explicit),"The Game, Kanye West",
Fireman (Flip) (Explicit),CoryaYo,
Live from the Roxy (feat. Boldy James) (Explicit),"Ransom, Harry Fraud, Boldy James",
Say the Name (Explicit),clipping.,
Oh Yeah (Explicit),"Foxy Brown, Spragga Benz",
Ghetto Cowboy (Explicit),"Mo Thugs, Layzie Bone, Krayzie Bone, Wish Bone, Flesh-N-Bone",
Ghetto Cowboy (Explicit),"Mo Thugs, Layzie Bone, Krayzie Bone, Wish Bone, Flesh-N-Bone",
Make Em Say (feat. Latto) (Explicit),"NLE Choppa, Latto",
"Live Fast, Die Young (Explicit)",Rick Ross,
GOTTA RAP (Explicit),Ab-Soul,
Gangster Shit (Explicit),Young Thug,
Ice Cream Truck,DJ Impozible,
Listen up!,"Chris Karns, ProbCause",
Down,311,
$Tndby (Explicit),Spark Master Tape,
6 Figures,Kings,
They Don't Care About Us,Michael Jackson,
Life's a Bitch (feat. AZ & Olu Dara) (Explicit),"Nas, AZ, Olu Dara",
82 92 (feat. Mac Miller) (Explicit),"Statik Selektah, Termanology, Mac Miller",
Let Me Fix My Weave (Explicit),Missy Elliott,
So Cool (Explicit),Redman,
Ain't U Freshco,"Freshco, Miz",
SUNBURN (Explicit),Pertinence,
Shea Butter (Explicit),Pardison Fontaine,
Are You Ready? (Explicit),"DJ Jazzy Jeff, Slum Village",
Do What I Feel (Explicit),"Tha Dogg Pound, The Lady Of Rage",
Together Again (DJ Premier 100 In A 50 Remix),Janet Jackson,
Define My Name (Explicit),"Nas, DJ Premier",
DBZ (Explicit),"Your Old Droog, Method Man, Denzel Curry, Madlib",
SPIKY BOiz (Explicit),"1999 WRITE THE FUTURE, Ghostface Killah, Rich Brian, Smino, Surprise Chef",
Widgets (Alex B Remix),The Disco Biscuits,
Boss (Explicit),Little Simz,
Sledgehammer (2012 Remaster),Peter Gabriel,
Sledgehammer (2012 Remaster),Peter Gabriel,
Can I Kick It?,A Tribe Called Quest,
L & H (Freestyle) (Explicit),Bigwes,
Disappear (Explicit),Ventsumi,
Sit Ya Ass Down,"Del Tha Funkee Homosapien, Amp Live",
Church,Galactic,
Bops (Explicit),Coi Leray,
Hey,Pixies,
Hey,Pixies,
Hot Dog (Explicit),Limp Bizkit,
BerwynGesaffNeighbours (Explicit),"Fred again.., Berwyn, Gesaffelstein",
All My Life (In the Ghetto) [feat. Lil Wayne & Will.I.Am],"Jay Rock, Lil Wayne, will.i.am",
1976,RJD2,
Hood Pass Intact,"Dâm-Funk, MC Eiht",
I Love It (Explicit),"Kanye West, Lil Pump",
The Jump Off (Explicit),Lil' Kim,
The Jump Off (Explicit),Lil' Kim,
Don't Sweat The Technique,Eric B. & Rakim,
Too Fast (Pull Over) (Explicit),"Jay Rock, Anderson .Paak, Latto",
So Excited,"Janet Jackson, Khia",
I Can't Dance (2007 Remaster),Genesis,
Forbidden Fruit (Explicit),"J. Cole, Kendrick Lamar",
Jump Around,"KSI, Waka Flocka Flame",
Furst (Explicit),ethanplus,
"Walking Into Sunshine (Original Larry Levan 12"" Mix)",Central Line,
Ants Marching,Dave Matthews Band,
Chocolate (Explicit),"Big Boi, Trozé",
Din Da Da,The Roots,
Treat 'Em Right,Chubb Rock,
Addiction (Explicit),Kanye West,
Everybody,"You Man, Jerge",
URRRGE!!!!!!!!!! (feat. A$AP Rocky) (Explicit),"Doja Cat, A$AP Rocky",
Around the World,Daft Punk,
Pray,MC Hammer,
Roses (Imanbek Remix) (Explicit),SAINt JHN,
Baddy On The Floor (Explicit),"Jamie xx, Honey Dijon",
RATATA,"Skrillex, Missy Elliott, Mr. Oizo",
Dhunga (Explicit),"TroyBoi, Toxic Rob",
Jiggy Woogie,"Don Diablo, Major Lazer, Baby Lawd",
Rebel Rebel,David Bowie,
Pusherman,Curtis Mayfield,
Cinderella (Explicit),"Future, Metro Boomin, Travis Scott",
freetime (Album Version),Kenna,
Can't Get Enough,"J. Cole, Trey Songz",
Smokin' On (feat. Juicy J) (Explicit),"Snoop Dogg, Wiz Khalifa, Juicy J",
Fried Rice,Lew Sid,
DOLCE & GABBANA (Explicit),Riff Raff,
That boy Ain't right (Explicit),Hank Trill,
HONORRoLL (Explicit),Spark Master Tape,
Wow Freestyle (Explicit),"Jay Rock, Kendrick Lamar",
Treat Me Right,Keys N Krates,
Pit Stop (Explicit),IDK,
Hot Fuck No Love (feat. Cakes da Killa & Maxi Wild) (Explicit),"clipping., Cakes Da Killa, Maxi Wild",
Gotta Have It (Explicit),"JAY Z, Kanye West",
"Coffee, Cool",The Good Husbands,
Baby Did A Bad Bad Thing,Chris Isaak,
Favorite Song (Explicit),"Chance the Rapper, Childish Gambino",
Bling-Bang-Bang-Born,Creepy Nuts,
2 Be High,"Nico Moreno, Warface",
SICKO MODE (Skrillex Remix) (Explicit),"Travis Scott, Skrillex",
Heartbreaker,Pat Benatar,
Makarena Freestyle,Taco Hemingway,
Collard Greens (Explicit),"ScHoolboy Q, Kendrick Lamar",
"Freak (feat. Lil Wayne, Joyner Lucas & Tee Grizzley)","Chris Brown, Lil Wayne, Joyner Lucas, Tee Grizzley",
It Was A Good Day (Explicit),Ice Cube,
T-Shirts Buddens,Lil B,
Cadenas de Nieve (Explicit),"Cookin Soul, Ghostpell",
